{

	"metadata" :
	{
		"formatVersion" : 3.1,
		"generatedBy"   : "Blender 2.64 Exporter",
		"vertices"      : 172,
		"faces"         : 69,
		"normals"       : 41,
		"colors"        : 0,
		"uvs"           : [],
		"materials"     : 1,
		"morphTargets"  : 0,
		"bones"         : 0
	},

	"scale" : 1.000000,

	"materials" : [	{
		"DbgColor" : 15658734,
		"DbgIndex" : 0,
		"DbgName" : "default",
		"vertexColors" : false
	}],

	"vertices" : [-7.96,7.96,3.96,7.96,7.96,2.6,7.96,-7.96,2.6,7.96,-7.96,3.96,-7.96,-7.96,2.6,-7.96,-7.96,3.96,-7.96,7.96,2.6,7.96,7.96,3.96,0.5,1.6,2.6,-0.5,1.6,2.6,-0.5,1.6,1.6,-0.5,-1.6,1.6,-0.5,-1.6,2.6,0.5,-1.6,2.6,0.5,1.6,1.6,0.5,-1.6,1.6,-2.69466,-1.6,-0.683523,-1.54871,-1.6,-0.401869,-1.6,-1.6,-0.0026073,-2.78,-1.6,-3.44554e-07,-1.55,-1.6,2.6,-2.01571,-1.6,-1.45479,-2.27839,-1.6,-1.3865,-1.55,1.6,2.6,-2.77037,1.6,2.6,-2.78,1.6,4.06969e-08,-2.75858,1.6,-0.344415,-1.54871,1.6,-0.401869,-1.41554,1.6,-0.990693,-2.27839,1.6,-1.3865,-2.01571,1.6,-1.45479,-2.48411,1.6,-1.20945,-1.55001,-1.6,0.396822,-1.55001,1.6,0.396822,-1.6,1.6,-0.00260692,-1.39939,-1.6,-0.775696,-1.39939,1.6,-0.775695,-1.41555,-1.6,-0.990693,-1.53513,-1.6,-1.23434,-1.53513,1.6,-1.23434,-1.74984,-1.6,-1.40036,-1.74984,1.6,-1.40036,-2.48411,-1.6,-1.20946,-2.58922,-1.6,-1.0121,-2.58922,1.6,-1.0121,-2.69466,1.6,-0.683522,-2.75858,-1.6,-0.344415,-2.77037,-1.6,2.6,2.69466,1.6,-0.683522,2.75858,1.6,-0.344414,2.78,1.6,2.80762e-07,2.01571,1.6,-1.45479,2.48411,1.6,-1.20945,1.55001,-1.6,0.396822,2.77037,-1.6,2.6,1.6,-1.6,-0.00260717,1.41555,-1.6,-0.990693,2.48411,-1.6,-1.20945,1.55,1.6,2.6,1.55,-1.6,2.6,1.55001,1.6,0.396822,1.6,1.6,-0.00260679,1.54871,1.6,-0.401869,1.54871,-1.6,-0.401869,1.39939,1.6,-0.775695,1.41555,1.6,-0.990693,1.39939,-1.6,-0.775696,1.53513,1.6,-1.23434,1.53513,-1.6,-1.23434,1.74984,1.6,-1.40036,1.74984,-1.6,-1.40036,2.01571,-1.6,-1.45479,2.2784,1.6,-1.3865,2.2784,-1.6,-1.3865,2.58922,1.6,-1.0121,2.58922,-1.6,-1.0121,2.69466,-1.6,-0.683522,2.75858,-1.6,-0.344415,2.78,-1.6,-1.10224e-07,2.77037,1.6,2.6,1.74984,-1.6,-1.40036,2.01571,-1.6,-1.45479,1.41555,1.6,-0.990693,1.53513,1.6,-1.23434,-0.5,1.6,2.6,-0.5,1.6,1.6,-0.5,1.6,1.6,1.54871,1.6,-0.401869,1.39939,1.6,-0.775695,1.53513,-1.6,-1.23434,0.5,-1.6,2.6,0.5,-1.6,1.6,0.5,-1.6,1.6,-1.54871,-1.6,-0.401869,-1.6,-1.6,-0.0026073,-2.77037,1.6,2.6,-2.78,1.6,4.06969e-08,2.69466,1.6,-0.683522,2.75858,1.6,-0.344414,-2.58922,1.6,-1.0121,-2.69466,1.6,-0.683522,-2.27839,1.6,-1.3865,-2.48411,1.6,-1.20945,-2.01571,-1.6,-1.45479,-2.27839,-1.6,-1.3865,2.75858,-1.6,-0.344415,2.78,-1.6,-1.10224e-07,7.96,-7.96,3.96,7.96,-7.96,3.96,-7.96,-7.96,3.96,-7.96,-7.96,3.96,2.78,1.6,2.80762e-07,-1.41555,-1.6,-0.990693,-1.53513,-1.6,-1.23434,2.58922,-1.6,-1.0121,2.69466,-1.6,-0.683522,-2.75858,1.6,-0.344415,7.96,-7.96,2.6,7.96,-7.96,2.6,1.74984,1.6,-1.40036,1.6,1.6,-0.00260679,-7.96,-7.96,2.6,-7.96,-7.96,2.6,-2.48411,-1.6,-1.20946,-2.58922,-1.6,-1.0121,-2.01571,1.6,-1.45479,-1.74984,-1.6,-1.40036,1.55001,-1.6,0.396822,1.6,-1.6,-0.00260717,-1.53513,1.6,-1.23434,-1.74984,1.6,-1.40036,1.55001,1.6,0.396822,-1.55001,1.6,0.396822,-1.6,1.6,-0.00260692,0.5,1.6,1.6,0.5,1.6,1.6,2.2784,-1.6,-1.3865,-2.75858,-1.6,-0.344415,-2.78,-1.6,-3.44554e-07,2.01571,1.6,-1.45479,1.41555,-1.6,-0.990693,7.96,7.96,2.6,7.96,7.96,2.6,-0.5,-1.6,1.6,-0.5,-1.6,1.6,7.96,7.96,3.96,7.96,7.96,3.96,1.54871,-1.6,-0.401869,1.39939,-1.6,-0.775696,-7.96,7.96,2.6,-7.96,7.96,2.6,1.55,-1.6,2.6,-0.5,-1.6,2.6,2.48411,1.6,-1.20945,2.58922,1.6,-1.0121,-1.55,1.6,2.6,-2.77037,-1.6,2.6,-7.96,7.96,3.96,-7.96,7.96,3.96,-1.55,-1.6,2.6,-1.55001,-1.6,0.396822,-1.54871,1.6,-0.401869,2.77037,1.6,2.6,2.77037,-1.6,2.6,1.55,1.6,2.6,2.2784,1.6,-1.3865,-1.39939,1.6,-0.775695,-1.39939,-1.6,-0.775696,-2.69466,-1.6,-0.683523,2.48411,-1.6,-1.20945,-1.41554,1.6,-0.990693,0.5,1.6,2.6],

	"morphTargets" : [],

	"normals" : [0.416913,0,-0.908933,0.774773,0,-0.632221,0,-1,0,-0.416913,0,-0.908933,-0.774773,0,-0.632221,0,0,1,0,1,0,-0.969298,0,-0.245857,-0.921079,0,-0.389355,0.921079,0,-0.389355,0.780847,0,-0.624683,0.463973,0,-0.88583,-0.780847,0,-0.624683,-0.463973,0,-0.88583,-1,0,0,-0.999969,0,0,0.026185,0,-0.999634,0,0.999969,0,-0.999573,0,-0.029176,-0.999969,0,0.003693,1,0,0,0.999969,0,0,-0.998047,0,-0.062197,0.964904,0,-0.26252,0.988372,0,0.151891,-0.988372,0,0.151921,-0.988372,0,0.151891,-0.967925,0,0.251167,-0.992279,0,-0.123875,0.967925,0,0.251167,0,-0.999969,0,0.998047,0,-0.062197,0.999969,0,0.001617,-0.026185,0,-0.999634,0.992279,0,-0.123875,0.969298,0,-0.245857,-0.999969,0,0.001617,-0.964904,0,-0.26252,0,0,-1,0.999573,0,-0.029176,0.999969,0,0.003693],

	"colors" : [],

	"uvs" : [],

	"faces" : [35,40,41,39,38,0,0,0,1,1,35,3,5,4,2,0,2,2,2,2,35,69,70,68,83,0,3,3,4,4,35,0,109,107,145,0,5,5,5,5,35,52,65,88,154,0,6,6,6,6,35,168,45,44,124,0,7,7,8,8,35,74,75,169,153,0,9,9,10,10,35,153,169,73,72,0,10,10,11,11,35,123,102,29,22,0,12,12,13,13,35,9,10,143,12,0,14,14,15,14,35,66,114,76,147,0,2,2,2,2,35,127,78,54,151,0,2,2,2,2,35,51,71,70,69,0,16,16,3,3,35,157,7,141,149,0,6,6,6,17,35,101,129,130,30,0,17,6,6,6,35,25,19,47,24,0,18,18,19,19,35,13,15,14,171,0,20,21,20,20,35,31,28,129,101,0,6,6,6,17,35,131,53,59,58,0,22,22,14,14,35,60,164,79,50,0,6,6,6,6,35,56,57,114,66,0,2,2,2,2,35,37,170,36,35,0,23,23,24,24,35,61,60,50,98,0,6,6,6,17,35,64,148,63,62,0,25,26,27,27,35,46,26,45,168,0,28,28,7,7,35,72,73,71,51,0,11,11,16,16,35,38,39,170,37,0,1,1,23,23,35,35,36,27,17,0,24,24,29,29,35,158,6,121,110,0,15,14,14,14,35,147,76,77,128,0,2,2,2,30,35,112,42,104,113,0,30,2,2,2,35,67,165,139,119,0,6,6,6,17,35,32,33,155,20,0,31,31,20,20,35,18,34,33,32,0,32,32,31,31,35,42,112,167,43,0,2,30,2,2,35,93,16,43,167,0,30,2,2,2,35,22,29,125,21,0,13,13,33,33,35,17,27,34,18,0,29,29,32,32,35,124,44,102,123,0,8,8,12,12,35,11,91,90,152,0,2,2,2,2,35,49,105,115,48,0,34,34,35,35,35,19,25,26,46,0,18,18,28,28,35,120,55,53,131,0,36,36,22,22,35,57,56,89,136,0,2,2,2,2,35,82,140,148,64,0,37,37,26,25,35,132,96,95,23,0,6,6,6,6,35,94,160,138,137,0,2,2,2,2,35,94,137,16,93,0,2,2,2,30,35,117,122,150,1,0,38,38,38,38,35,142,146,108,118,0,21,20,20,20,35,92,144,85,134,0,38,38,38,38,35,65,52,165,67,0,6,6,6,6,35,21,125,41,40,0,33,33,0,0,35,128,77,78,127,0,30,2,2,2,35,106,111,162,163,0,39,39,40,40,35,133,116,96,132,0,6,6,6,6,35,113,104,103,126,0,2,2,2,2,35,28,31,99,166,0,6,6,6,6,35,87,97,154,88,0,17,6,6,6,35,160,159,156,138,0,2,2,30,2,35,61,98,97,87,0,6,17,6,17,35,83,68,140,82,0,4,4,37,37,35,80,81,136,89,0,30,2,2,2,35,161,100,116,133,0,17,6,6,6,35,62,63,55,120,0,27,27,36,36,35,48,115,75,74,0,35,35,9,9,35,166,99,100,161,0,6,6,6,17,35,135,86,84,8,0,6,6,6,6,35,111,106,105,49,0,39,39,34,34],

	"bones" : [],

	"skinIndices" : [],

	"skinWeights" : [],

	"animation" : {}


}
