{

	"metadata" :
	{
		"formatVersion" : 3.1,
		"generatedBy"   : "Blender 2.64 Exporter",
		"vertices"      : 72,
		"faces"         : 22,
		"normals"       : 7,
		"colors"        : 0,
		"uvs"           : [28],
		"materials"     : 1,
		"morphTargets"  : 0,
		"bones"         : 0
	},

	"scale" : 1.000000,

	"materials" : [	{
		"DbgColor" : 15658734,
		"DbgIndex" : 0,
		"DbgName" : "default",
		"vertexColors" : false,
		"shading" : "phong"
	}],

	"vertices" : [7.96,0.5,-3.96,7.96,0.5,3.96,-7.96,0.5,3.96,-7.96,0.5,-3.96,-7.96,3.18,-3.96,-7.96,3.18,3.96,7.96,3.18,3.96,7.96,3.18,-3.96,-7.6,0.5,-3.6,-7.6,0.5,3.6,7.6,0.5,3.6,7.6,0.5,-3.6,7.6,0.0199998,-3.6,7.6,0.0200002,3.6,-7.6,0.0200002,3.6,-7.6,0.0199998,-3.6,-6.4,0.0199999,-2.4,-6.4,0.0200001,2.4,6.4,0.0200001,2.4,6.4,0.0199999,-2.4,6.4,2.2,-2.4,6.4,2.2,2.4,-6.4,2.2,2.4,-6.4,2.2,-2.4,7.96,0.5,3.96,7.96,0.5,3.96,-7.96,0.5,3.96,-7.96,0.5,3.96,7.96,0.5,-3.96,7.96,0.5,-3.96,-7.96,0.5,-3.96,-7.96,0.5,-3.96,-7.96,3.18,-3.96,-7.96,3.18,-3.96,-7.96,3.18,3.96,-7.96,3.18,3.96,7.96,3.18,-3.96,7.96,3.18,-3.96,7.96,3.18,3.96,7.96,3.18,3.96,-7.6,0.5,-3.6,-7.6,0.5,-3.6,-7.6,0.5,3.6,-7.6,0.5,3.6,7.6,0.5,-3.6,7.6,0.5,-3.6,7.6,0.5,3.6,7.6,0.5,3.6,7.6,0.0200002,3.6,7.6,0.0200002,3.6,-7.6,0.0200002,3.6,-7.6,0.0200002,3.6,7.6,0.0199998,-3.6,7.6,0.0199998,-3.6,-7.6,0.0199998,-3.6,-7.6,0.0199998,-3.6,-6.4,0.0199999,-2.4,-6.4,0.0199999,-2.4,-6.4,0.0200001,2.4,-6.4,0.0200001,2.4,6.4,0.0199999,-2.4,6.4,0.0199999,-2.4,6.4,0.0200001,2.4,6.4,0.0200001,2.4,6.4,2.2,2.4,6.4,2.2,2.4,-6.4,2.2,2.4,-6.4,2.2,2.4,6.4,2.2,-2.4,6.4,2.2,-2.4,-6.4,2.2,-2.4,-6.4,2.2,-2.4],

	"morphTargets" : [],

	"normals" : [-1,0,0,0,0,-1,1,0,0,0,0,1,0,1,0,0,-0.999969,0,0,-1,0],

	"colors" : [],

	"uvs" : [[0.9259,0.911345,0.914071,0.898232,0.972144,0.890839,0.961782,0.90995,0.972144,0.967753,0.959494,0.953893,0.913519,0.970235,0.923662,0.952212,0.065095,0.283801,0.936236,0.283801,0.936236,0.719289,0.065095,0.719289,0.955765,0.91525,0.929355,0.914741,0.95505,0.948963,0.928661,0.948215,0.93382,0.917547,0.931952,0.944743,0.950558,0.946103,0.952469,0.918765,0.948836,0.921622,0.936706,0.92108,0.94767,0.94254,0.935563,0.941922,0.939999,0.924742,0.93855,0.937738,0.944375,0.938859,0.945837,0.925843]],

	"faces" : [43,26,5,4,30,0,0,1,2,3,0,0,0,0,43,7,28,3,32,0,4,5,3,2,1,1,1,1,43,0,36,6,24,0,5,4,6,7,2,2,2,2,43,1,38,34,2,0,7,6,1,0,3,3,3,3,43,35,39,37,33,0,8,9,10,11,4,4,4,4,43,31,8,9,27,0,3,12,13,0,5,6,6,5,43,29,11,8,31,0,5,14,12,3,6,6,6,5,43,11,29,25,10,0,14,5,7,15,6,6,6,6,43,27,9,10,25,0,0,13,15,7,5,6,6,6,43,42,14,13,46,0,13,16,17,15,3,3,3,3,43,47,48,12,44,0,15,17,18,14,2,2,2,2,43,45,52,15,40,0,14,18,19,12,1,1,1,1,43,41,54,50,43,0,12,19,16,13,0,0,0,0,43,55,16,17,51,0,19,20,21,16,6,6,6,6,43,53,19,16,55,0,18,22,20,19,5,6,6,6,43,49,18,19,53,0,17,23,22,18,6,6,6,5,43,51,17,18,49,0,16,21,23,17,6,6,6,6,43,58,22,21,62,0,21,24,25,23,1,1,1,1,43,63,64,20,60,0,23,25,26,22,0,0,0,0,43,61,68,23,56,0,22,26,27,20,3,3,3,3,43,57,70,66,59,0,20,27,24,21,2,2,2,2,43,69,65,67,71,0,26,25,24,27,6,6,6,5],

	"bones" : [],

	"skinIndices" : [],

	"skinWeights" : [],

	"animation" : {}


}
