{

	"metadata" :
	{
		"formatVersion" : 3.1,
		"generatedBy"   : "Blender 2.64 Exporter",
		"vertices"      : 217,
		"faces"         : 102,
		"normals"       : 23,
		"colors"        : 0,
		"uvs"           : [],
		"materials"     : 1,
		"morphTargets"  : 0,
		"bones"         : 0
	},

	"scale" : 1.000000,

	"materials" : [	{
		"DbgColor" : 15658734,
		"DbgIndex" : 0,
		"DbgName" : "default",
		"vertexColors" : false
	}],

	"vertices" : [7.96,0.5,-3.96,7.96,0.5,3.96,-7.96,0.5,3.96,-7.96,0.5,-3.96,-7.96,3.18,-3.96,-7.96,3.18,3.96,7.96,3.18,3.96,7.96,3.18,-3.96,-7.6,0.5,-3.6,-7.6,0.5,3.6,7.6,0.5,3.6,7.6,0.5,-3.6,7.6,0.0199998,-3.6,7.6,0.0200002,3.6,-7.6,0.0200002,3.6,-7.6,0.0199998,-3.6,-6.4,0.0199999,-2.4,-6.4,0.0200001,2.4,6.4,0.0200001,2.4,6.4,0.0199999,-2.4,6.4,2,-2.4,6.4,2,2.4,-6.4,2,2.4,-6.4,2,-2.4,0,3.18,-2.4,-0.91844,3.18,-2.21731,-1.69706,3.18,-1.69706,-2.21731,3.18,-0.918441,-2.4,3.18,-2.12909e-07,-2.21731,3.18,0.91844,-1.69706,3.18,1.69706,-0.91844,3.18,2.21731,-3.6239e-07,3.18,2.4,0.91844,3.18,2.21731,1.69706,3.18,1.69706,2.21731,3.18,0.91844,2.4,3.18,-3.46436e-07,2.21731,3.18,-0.918441,1.69706,3.18,-1.69706,0.918439,3.18,-2.21731,0,3.18,-1.6,-0.612294,3.18,-1.47821,-1.13137,3.18,-1.13137,-1.47821,3.18,-0.612294,-1.6,3.18,-2.47878e-07,-1.47821,3.18,0.612293,-1.13137,3.18,1.13137,-0.612294,3.18,1.47821,-2.41593e-07,3.18,1.6,0.612293,3.18,1.47821,1.13137,3.18,1.13137,1.47821,3.18,0.612293,1.6,3.18,-3.36896e-07,1.47821,3.18,-0.612294,1.13137,3.18,-1.13137,0.612293,3.18,-1.47821,0,5,-2.4,-0.91844,5,-2.21731,-1.69706,5,-1.69706,-2.21731,5,-0.918441,-2.4,5,-2.92464e-07,-2.21731,5,0.91844,-1.69706,5,1.69706,-0.91844,5,2.21731,-3.6239e-07,5,2.4,0.91844,5,2.21731,1.69706,5,1.69706,2.21731,5,0.91844,2.4,5,-4.25991e-07,2.21731,5,-0.918441,1.69706,5,-1.69706,0.918439,5,-2.21731,0,5,-1.6,-0.612294,5,-1.47821,-1.13137,5,-1.13137,-1.47821,5,-0.612294,-1.6,5,-3.27433e-07,-1.47821,5,0.612293,-1.13137,5,1.13137,-0.612294,5,1.47821,-2.41593e-07,5,1.6,0.612293,5,1.47821,1.13137,5,1.13137,1.47821,5,0.612293,1.6,5,-4.16451e-07,1.47821,5,-0.612294,1.13137,5,-1.13137,0.612293,5,-1.47821,0,0.0199999,-1.6,-0.612294,0.0199999,-1.47821,-1.13137,0.0199999,-1.13137,-1.47821,0.02,-0.612293,-1.6,0.02,1.28669e-07,-1.47821,0.02,0.612294,-1.13137,0.02,1.13137,-0.612294,0.0200001,1.47821,-2.41593e-07,0.0200001,1.6,0.612293,0.0200001,1.47821,1.13137,0.02,1.13137,1.47821,0.02,0.612294,1.6,0.02,3.96506e-08,1.47821,0.02,-0.612294,1.13137,0.0199999,-1.13137,0.612293,0.0199999,-1.47821,0,2,-1.6,-0.612294,2,-1.47821,-1.13137,2,-1.13137,-1.47821,2,-0.612293,-1.6,2,4.21201e-08,-1.47821,2,0.612294,-1.13137,2,1.13137,-0.612294,2,1.47821,-2.41593e-07,2,1.6,0.612293,2,1.47821,1.13137,2,1.13137,1.47821,2,0.612294,1.6,2,-4.68979e-08,1.47821,2,-0.612294,1.13137,2,-1.13137,0.612293,2,-1.47821,-1.2666e-07,0.02,8.85327e-08,7.96,0.5,3.96,7.96,0.5,3.96,-7.96,0.5,3.96,-7.96,0.5,3.96,7.96,0.5,-3.96,7.96,0.5,-3.96,-7.96,0.5,-3.96,-7.96,0.5,-3.96,-7.96,3.18,-3.96,-7.96,3.18,-3.96,-7.96,3.18,3.96,-7.96,3.18,3.96,7.96,3.18,-3.96,7.96,3.18,-3.96,7.96,3.18,3.96,7.96,3.18,3.96,-7.6,0.5,-3.6,-7.6,0.5,-3.6,-7.6,0.5,3.6,-7.6,0.5,3.6,7.6,0.5,-3.6,7.6,0.5,-3.6,7.6,0.5,3.6,7.6,0.5,3.6,7.6,0.0200002,3.6,7.6,0.0200002,3.6,-7.6,0.0200002,3.6,-7.6,0.0200002,3.6,7.6,0.0199998,-3.6,7.6,0.0199998,-3.6,-7.6,0.0199998,-3.6,-7.6,0.0199998,-3.6,-6.4,0.0199999,-2.4,-6.4,0.0199999,-2.4,-6.4,0.0200001,2.4,-6.4,0.0200001,2.4,6.4,0.0199999,-2.4,6.4,0.0199999,-2.4,6.4,0.0200001,2.4,6.4,0.0200001,2.4,6.4,2,2.4,6.4,2,2.4,-6.4,2,2.4,-6.4,2,2.4,6.4,2,-2.4,6.4,2,-2.4,-6.4,2,-2.4,-6.4,2,-2.4,-0.91844,5,-2.21731,0,5,-2.4,-1.69706,5,-1.69706,-2.21731,5,-0.918441,-2.4,5,-2.92464e-07,-2.21731,5,0.91844,-1.69706,5,1.69706,-0.91844,5,2.21731,-3.6239e-07,5,2.4,0.91844,5,2.21731,1.69706,5,1.69706,2.21731,5,0.91844,2.4,5,-4.25991e-07,2.21731,5,-0.918441,1.69706,5,-1.69706,0.918439,5,-2.21731,-0.612294,5,-1.47821,0,5,-1.6,-1.13137,5,-1.13137,-1.47821,5,-0.612294,-1.6,5,-3.27433e-07,-1.47821,5,0.612293,-1.13137,5,1.13137,-0.612294,5,1.47821,-2.41593e-07,5,1.6,0.612293,5,1.47821,1.13137,5,1.13137,1.47821,5,0.612293,1.6,5,-4.16451e-07,1.47821,5,-0.612294,1.13137,5,-1.13137,0.612293,5,-1.47821,0.612293,0.0199999,-1.47821,0,0.0199999,-1.6,1.13137,0.0199999,-1.13137,1.47821,0.02,-0.612294,1.6,0.02,3.96506e-08,1.47821,0.02,0.612294,1.13137,0.02,1.13137,0.612293,0.0200001,1.47821,-2.41593e-07,0.0200001,1.6,-0.612294,0.0200001,1.47821,-1.13137,0.02,1.13137,-1.47821,0.02,0.612294,-1.6,0.02,1.28669e-07,-1.47821,0.02,-0.612293,-1.13137,0.0199999,-1.13137,-0.612294,0.0199999,-1.47821],

	"morphTargets" : [],

	"normals" : [-1,0,0,0,0,-1,1,0,0,0,0,1,0,1,0,0,-0.999969,0,0,-1,0,0.999969,0,0,0.923856,0,0.382672,0.382672,0,-0.923856,0.707083,0,-0.707083,0.707083,0,0.707083,0.382672,0,0.923856,-0.923856,0,0.382672,-0.382672,0,0.923856,-0.707083,0,0.707083,-0.707083,0,-0.707083,-0.382672,0,-0.923856,0.923856,0,-0.382672,0,0,0.999969,-0.923856,0,-0.382672,0,0.999969,0,0,0,-0.999969],

	"colors" : [],

	"uvs" : [],

	"faces" : [35,123,5,4,127,0,0,0,0,0,35,7,125,3,129,0,1,1,1,1,35,0,133,6,121,0,2,2,2,2,35,1,135,131,2,0,3,3,3,3,35,132,136,134,130,0,4,4,4,4,35,128,8,9,124,0,5,6,6,5,35,126,11,8,128,0,6,6,6,5,35,11,126,122,10,0,6,6,6,6,35,124,9,10,122,0,5,6,6,6,35,139,14,13,143,0,3,3,3,3,35,144,145,12,141,0,2,2,2,2,35,142,149,15,137,0,1,1,1,1,35,138,151,147,140,0,0,0,0,0,35,152,16,17,148,0,6,6,6,6,35,150,19,16,152,0,5,6,6,6,35,146,18,19,150,0,6,6,6,5,35,148,17,18,146,0,6,6,6,6,35,155,22,21,159,0,1,1,1,1,35,160,161,20,157,0,0,0,0,0,35,158,165,23,153,0,3,3,3,3,35,154,167,163,156,0,2,2,2,2,35,166,162,164,168,0,6,6,6,5,35,76,44,43,75,0,7,7,8,8,35,71,70,38,39,0,9,10,10,9,35,66,65,33,34,0,11,12,12,11,35,61,60,28,29,0,13,0,0,13,35,87,55,54,86,0,14,14,15,15,35,82,50,49,81,0,16,16,17,17,35,77,45,44,76,0,18,18,7,7,35,71,39,24,56,0,9,9,1,1,35,67,66,34,35,0,8,11,11,8,35,62,61,29,30,0,15,13,13,15,35,57,56,24,25,0,17,1,1,17,35,87,72,40,55,0,14,19,19,14,35,83,51,50,82,0,20,20,16,16,35,78,46,45,77,0,10,10,18,18,35,73,41,40,72,0,12,12,19,19,35,68,67,35,36,0,2,8,8,2,35,63,62,30,31,0,14,15,15,14,35,58,57,25,26,0,16,17,17,16,35,84,52,51,83,0,0,0,20,20,35,79,47,46,78,0,9,9,10,10,35,74,42,41,73,0,11,11,12,12,35,69,68,36,37,0,18,2,2,18,35,64,63,31,32,0,19,14,14,19,35,59,58,26,27,0,20,16,16,20,35,85,53,52,84,0,13,13,0,0,35,80,48,47,79,0,1,1,9,9,35,75,43,42,74,0,8,8,11,11,35,70,69,37,38,0,10,18,18,10,35,65,64,32,33,0,12,19,19,12,35,60,59,27,28,0,0,20,20,0,35,86,54,53,85,0,15,15,13,13,35,81,49,48,80,0,17,17,1,1,35,111,110,94,95,0,14,15,15,14,35,185,169,171,187,0,4,4,4,21,35,109,108,92,93,0,13,0,0,13,35,183,184,200,199,0,4,4,21,4,35,170,186,200,184,0,4,4,21,4,35,112,111,95,96,0,3,14,14,3,35,116,115,99,100,0,7,8,8,7,35,108,107,91,92,0,0,20,20,0,35,106,105,89,90,0,16,17,17,16,35,183,199,198,182,0,4,4,4,4,35,172,188,187,171,0,4,4,21,4,35,197,181,182,198,0,4,4,4,4,35,197,196,180,181,0,4,4,4,4,35,115,114,98,99,0,8,11,11,8,35,110,109,93,94,0,15,13,13,15,35,195,179,180,196,0,4,4,4,4,35,119,118,102,103,0,9,10,10,9,35,174,190,189,173,0,4,4,21,4,35,175,191,190,174,0,4,21,4,4,35,113,112,96,97,0,12,3,3,12,35,192,176,177,193,0,4,4,4,4,35,117,116,100,101,0,18,7,7,18,35,107,106,90,91,0,20,16,16,20,35,192,191,175,176,0,4,21,4,4,35,179,195,194,178,0,4,4,21,4,35,193,177,178,194,0,4,4,4,21,35,119,103,88,104,0,9,9,22,22,35,114,113,97,98,0,11,12,12,11,35,118,117,101,102,0,10,18,18,10,35,105,104,88,89,0,17,22,22,17,35,169,185,186,170,0,4,4,4,4,35,173,189,188,172,0,4,21,4,4,34,213,214,120,0,6,6,6,34,210,211,120,0,6,6,6,34,207,208,120,0,6,6,6,34,203,204,120,0,6,6,6,34,201,120,202,0,6,6,6,34,216,202,120,0,6,6,6,34,214,215,120,0,6,6,6,34,208,209,120,0,6,6,6,34,204,205,120,0,6,6,6,34,201,203,120,0,6,6,6,34,211,212,120,0,6,6,6,34,205,206,120,0,6,6,6,34,212,213,120,0,6,6,6,34,206,207,120,0,6,6,6,34,215,216,120,0,6,6,6,34,209,210,120,0,6,6,6],

	"bones" : [],

	"skinIndices" : [],

	"skinWeights" : [],

	"animation" : {}


}
