{"metadata":{"formatVersion":3.1,"generatedBy":"Blender 2.7 Exporter","vertices":354,"faces":209,"normals":100,"colors":0,"uvs":[],"materials":0,"morphTargets":0,"bones":0},"scale":1,"vertices":[0,-1.04907e-7,-2.4,0.91844,-9.69217e-8,-2.21731,1.69706,-7.41807e-8,-1.69706,2.21731,-4.01463e-8,-0.91844,2.4,0,1.04907e-7,2.21731,4.01463e-8,0.91844,1.69706,7.41807e-8,1.69706,0.91844,9.69217e-8,2.21731,3.6239e-7,1.04907e-7,2.4,-0.91844,9.69217e-8,2.21731,-1.69706,7.41807e-8,1.69706,-2.21731,4.01463e-8,0.918441,-2.4,0,-2.86197e-8,-2.21731,-4.01463e-8,-0.918441,-1.69706,-7.41807e-8,-1.69706,-0.918439,-9.69218e-8,-2.21731,-0.918439,1.84,-2.21731,-1.69706,1.84,-1.69706,-2.21731,1.84,-0.918441,-2.4,1.84,-1.09049e-7,-2.21731,1.84,0.918441,-1.69706,1.84,1.69706,-0.91844,1.84,2.21731,3.6239e-7,1.84,2.4,0.918441,1.84,2.21731,1.69706,1.84,1.69706,2.21731,1.84,0.91844,2.4,1.84,2.44784e-8,2.21731,1.84,-0.91844,1.69706,1.84,-1.69706,0.91844,1.84,-2.21731,1.13687e-13,1.84,-2.4,1.18632,1.84,-2.86403,2.19203,1.84,-2.19203,2.86403,1.84,-1.18632,3.1,1.84,-1.02495e-7,2.86403,1.84,1.18632,2.19203,1.84,2.19203,1.18632,1.84,2.86403,-2.33944e-7,1.84,3.1,-1.18632,1.84,2.86403,-2.19203,1.84,2.19203,-2.86403,1.84,1.18632,-3.1,1.84,6.99775e-8,-2.86403,1.84,-1.18632,-2.19203,1.84,-2.19203,-1.18632,1.84,-2.86403,2.34143e-7,1.84,-3.1,2.06794e-7,2.6,-8.38473e-8,-0.613313,-6.47222e-8,-1.48067,-1.13326,-4.95362e-8,-1.13326,-1.48067,-2.68088e-8,-0.613314,-1.60267,0,-2.14851e-8,-1.48067,2.68088e-8,0.613314,-1.13326,4.95362e-8,1.13326,-0.613314,6.47222e-8,1.48067,3.14767e-7,7.00548e-8,1.60267,0.613314,6.47222e-8,1.48067,1.13326,4.95364e-8,1.13326,1.48067,2.68089e-8,0.613314,1.60267,-1.13687e-13,6.76813e-8,1.48067,-2.68087e-8,-0.613314,1.13326,-4.95361e-8,-1.13326,0.613314,-6.47222e-8,-1.48067,7.27712e-8,-7.00548e-8,-1.60267,7.27713e-8,1.84,-1.60267,0.613314,1.84,-1.48067,1.13326,1.84,-1.13326,1.48067,1.84,-0.613314,1.60267,1.84,-1.27477e-8,1.48067,1.84,0.613314,1.13326,1.84,1.13326,0.613315,1.84,1.48067,3.14767e-7,1.84,1.60267,-0.613314,1.84,1.48067,-1.13326,1.84,1.13326,-1.48067,1.84,0.613314,-1.60267,1.84,-1.01914e-7,-1.48067,1.84,-0.613315,-1.13326,1.84,-1.13326,-0.613313,1.84,-1.48067,2.08082e-7,1.84,-8.78795e-8,-7.96966e-7,2.6,2.40001,0.999999,2.6,2.1609,-1.15005e-5,25.7999,0.999999,-1.0318e-5,24.8402,2.40001,-1.10484e-5,25.2129,2.32389,-1.1269e-5,25.5273,2.10711,-1.14221e-5,25.7341,1.78269,-1.1483e-5,25.7999,1.4,0.99999,24.8402,2.16091,0.99999,25.2132,2.10299,0.999989,25.528,1.93804,0.999989,25.7349,1.69119,0.999989,25.8008,1.4,0.999989,25.7999,0.999999,2.1609,2.6,1,0.999999,2.6,1,2.1609,24.8402,0.999999,2.10298,25.2132,0.999999,1.93803,25.528,0.999999,1.69118,25.7349,0.999999,1.39999,25.8008,0.999999,-2.1609,2.6,1,-2.16092,24.8402,0.999999,-2.103,25.2132,0.999999,-1.93805,25.528,0.999999,-1.6912,25.7349,0.999999,-1.40001,25.8008,0.999999,-1.00001,25.7999,0.999999,-0.999999,2.6,2.1609,-1,2.6,1,-1.00001,24.8402,2.16091,-1.00001,25.2132,2.10299,-1.00001,25.528,1.93804,-1.00001,25.7349,1.69119,-1.00001,25.8008,1.4,-1,2.6,-2.1609,-1.00001,24.8402,-2.16091,-1.00001,25.2132,-2.10299,-1.00001,25.528,-1.93804,-1.00001,25.7349,-1.69119,-1.00001,25.8008,-1.4,-1.00001,25.7999,-1,-2.1609,2.6,-0.999999,-2.40001,2.6,7.06514e-7,-0.999999,2.6,-0.999999,-1.00001,25.7999,8.82915e-7,-2.40002,24.8402,-2.72177e-8,-2.3239,25.2129,-4.6836e-8,-2.10712,25.5273,1.68363e-7,-1.7827,25.7341,9.79609e-7,-1.40001,25.7999,9.60004e-7,-2.16092,24.8402,-1,-2.103,25.2132,-1,-1.93805,25.528,-0.999999,-1.6912,25.7349,-0.999999,-1.40001,25.8008,-0.999999,2.40001,2.6,9.73536e-7,2.1609,2.6,-0.999999,0.999989,25.7999,6.76283e-7,2.4,24.8402,4.78222e-7,2.32388,25.2129,4.65259e-7,2.1071,25.5273,4.6099e-7,1.78268,25.7341,5.85343e-7,1.39999,25.7999,5.99193e-7,2.1609,24.8402,-1,2.10298,25.2132,-1,1.93803,25.528,-1,1.69117,25.7349,-0.999999,1.39999,25.8008,-0.999999,0.999989,25.7999,-0.999999,0.999999,2.6,-2.1609,-5.29944e-7,2.6,-2.4,1,2.6,-0.999999,-1.15879e-5,25.7999,-0.999999,-9.57409e-6,24.8402,-2.40001,-1.02979e-5,25.2129,-2.32389,-1.04996e-5,25.5273,-2.10711,-1.20547e-5,25.7341,-1.78269,-1.16054e-5,25.7999,-1.4,0.99999,24.8402,-2.16091,0.999989,25.2132,-2.10299,0.999989,25.528,-1.93804,0.999989,25.7349,-1.69119,0.999989,25.8008,-1.4,2.34143e-7,2.6,-3.1,-1.18632,2.6,-2.86403,-2.19203,2.6,-2.19203,-2.86403,2.6,-1.18632,-3.1,2.6,3.67569e-8,-2.86403,2.6,1.18632,-2.19203,2.6,2.19203,-1.18632,2.6,2.86403,-2.33944e-7,2.6,3.1,1.18632,2.6,2.86403,2.19203,2.6,2.19203,2.86403,2.6,1.18632,3.1,2.6,-1.35716e-7,2.86403,2.6,-1.18632,2.19203,2.6,-2.19203,1.18632,2.6,-2.86403,0,-1.04907e-7,-2.4,0.91844,-9.69217e-8,-2.21731,1.69706,-7.41807e-8,-1.69706,2.21731,-4.01463e-8,-0.91844,2.4,0,1.04907e-7,2.21731,4.01463e-8,0.91844,1.69706,7.41807e-8,1.69706,0.91844,9.69217e-8,2.21731,3.6239e-7,1.04907e-7,2.4,-0.91844,9.69217e-8,2.21731,-1.69706,7.41807e-8,1.69706,-2.21731,4.01463e-8,0.918441,-2.4,0,-2.86197e-8,-2.21731,-4.01463e-8,-0.918441,-1.69706,-7.41807e-8,-1.69706,-0.918439,-9.69218e-8,-2.21731,-0.918439,1.84,-2.21731,1.13687e-13,1.84,-2.4,-1.69706,1.84,-1.69706,-2.21731,1.84,-0.918441,-2.4,1.84,-1.09049e-7,-2.21731,1.84,0.918441,-1.69706,1.84,1.69706,-0.91844,1.84,2.21731,3.6239e-7,1.84,2.4,0.918441,1.84,2.21731,1.69706,1.84,1.69706,2.21731,1.84,0.91844,2.4,1.84,2.44784e-8,2.21731,1.84,-0.91844,1.69706,1.84,-1.69706,0.91844,1.84,-2.21731,2.34143e-7,1.84,-3.1,1.18632,1.84,-2.86403,2.19203,1.84,-2.19203,2.86403,1.84,-1.18632,3.1,1.84,-1.02495e-7,2.86403,1.84,1.18632,2.19203,1.84,2.19203,1.18632,1.84,2.86403,-2.33944e-7,1.84,3.1,-1.18632,1.84,2.86403,-2.19203,1.84,2.19203,-2.86403,1.84,1.18632,-3.1,1.84,6.99775e-8,-2.86403,1.84,-1.18632,-2.19203,1.84,-2.19203,-1.18632,1.84,-2.86403,-0.613313,-6.47222e-8,-1.48067,7.27712e-8,-7.00548e-8,-1.60267,-1.13326,-4.95362e-8,-1.13326,-1.48067,-2.68088e-8,-0.613314,-1.60267,0,-2.14851e-8,-1.48067,2.68088e-8,0.613314,-1.13326,4.95362e-8,1.13326,-0.613314,6.47222e-8,1.48067,3.14767e-7,7.00548e-8,1.60267,0.613314,6.47222e-8,1.48067,1.13326,4.95364e-8,1.13326,1.48067,2.68089e-8,0.613314,1.60267,-1.13687e-13,6.76813e-8,1.48067,-2.68087e-8,-0.613314,1.13326,-4.95361e-8,-1.13326,0.613314,-6.47222e-8,-1.48067,7.27713e-8,1.84,-1.60267,0.613314,1.84,-1.48067,1.13326,1.84,-1.13326,1.48067,1.84,-0.613314,1.60267,1.84,-1.27477e-8,1.48067,1.84,0.613314,1.13326,1.84,1.13326,0.613315,1.84,1.48067,3.14767e-7,1.84,1.60267,-0.613314,1.84,1.48067,-1.13326,1.84,1.13326,-1.48067,1.84,0.613314,-1.60267,1.84,-1.01914e-7,-1.48067,1.84,-0.613315,-1.13326,1.84,-1.13326,-0.613313,1.84,-1.48067,0.999999,2.6,2.1609,0.999999,2.6,2.1609,0.99999,24.8402,2.16091,-7.96966e-7,2.6,2.40001,0.999989,25.7349,1.69119,0.999989,25.8008,1.4,0.999989,25.528,1.93804,0.99999,25.2132,2.10299,2.1609,2.6,1,2.1609,2.6,1,2.1609,24.8402,0.999999,0.999989,25.7999,0.999999,0.999989,25.7999,0.999999,1.39999,25.8008,0.999999,0.999999,2.6,1,0.999999,2.6,1,1.69118,25.7349,0.999999,1.93803,25.528,0.999999,2.10298,25.2132,0.999999,-2.1609,2.6,1,-2.1609,2.6,1,-2.16092,24.8402,0.999999,-1.6912,25.7349,0.999999,-1.40001,25.8008,0.999999,-1.93805,25.528,0.999999,-2.103,25.2132,0.999999,-0.999999,2.6,2.1609,-0.999999,2.6,2.1609,-1.00001,24.8402,2.16091,-1.00001,25.7999,0.999999,-1.00001,25.7999,0.999999,-1.00001,25.8008,1.4,-1,2.6,1,-1,2.6,1,-1.00001,25.7349,1.69119,-1.00001,25.528,1.93804,-1.00001,25.2132,2.10299,-1,2.6,-2.1609,-1,2.6,-2.1609,-1.00001,24.8402,-2.16091,-1.00001,25.7349,-1.69119,-1.00001,25.8008,-1.4,-1.00001,25.528,-1.93804,-1.00001,25.2132,-2.10299,-2.1609,2.6,-0.999999,-2.1609,2.6,-0.999999,-2.16092,24.8402,-1,-2.40001,2.6,7.06514e-7,-1.00001,25.7999,-1,-1.00001,25.7999,-1,-1.40001,25.8008,-0.999999,-0.999999,2.6,-0.999999,-0.999999,2.6,-0.999999,-1.6912,25.7349,-0.999999,-1.93805,25.528,-0.999999,-2.103,25.2132,-1,2.1609,2.6,-0.999999,2.1609,2.6,-0.999999,2.1609,24.8402,-1,2.40001,2.6,9.73536e-7,1.69117,25.7349,-0.999999,1.39999,25.8008,-0.999999,1.93803,25.528,-1,2.10298,25.2132,-1,0.999999,2.6,-2.1609,0.999999,2.6,-2.1609,0.99999,24.8402,-2.16091,