{

	"metadata" :
	{
		"formatVersion" : 3.1,
		"generatedBy"   : "Blender 2.7 Exporter",
		"vertices"      : 264,
		"faces"         : 125,
		"normals"       : 105,
		"colors"        : 0,
		"uvs"           : [122],
		"materials"     : 0,
		"morphTargets"  : 0,
		"bones"         : 0
	},

	"scale" : 1.000000,

	"materials" : [],

	"vertices" : [0,0.0199999,-1.5,0.574025,0.0199999,-1.38582,1.06066,0.02,-1.06066,1.38582,0.02,-0.574025,1.5,0.02,6.46928e-08,1.38582,0.02,0.574025,1.06066,0.02,1.06066,0.574025,0.0200001,1.38582,2.26494e-07,0.0200001,1.5,-0.574025,0.0200001,1.38582,-1.06066,0.02,1.06066,-1.38582,0.02,0.574025,-1.5,0.02,-1.87615e-08,-1.38582,0.02,-0.574025,-1.06066,0.02,-1.06066,-0.574024,0.0199999,-1.38582,-0.574024,3.75742,-1.38582,-1.06066,3.58548,-1.06066,-1.38582,3.31596,-0.574026,-1.5,3.00462,-1.49223e-07,-1.38582,2.68862,0.574025,-1.06066,2.41445,1.06066,-0.574025,2.23787,1.38582,2.26494e-07,2.16817,1.5,0.574025,2.23787,1.38582,1.06066,2.41445,1.06066,1.38582,2.68862,0.574025,1.5,3.00462,-6.57688e-08,1.38582,3.31596,-0.574025,1.06066,3.58548,-1.06066,0.574025,3.75742,-1.38582,0,3.81783,-1.5,-0.307441,0.02,-0.74223,-0.568078,0.02,-0.568078,-0.742229,0.02,-0.307442,-0.803383,0.02,-9.86649e-09,-0.742229,0.02,0.307442,-0.568078,0.02,0.568078,-0.307441,0.02,0.74223,1.89936e-07,0.02,0.803383,0.307442,0.02,0.742229,0.568078,0.02,0.568078,0.742229,0.02,0.307442,0.803383,0.02,3.48308e-08,0.742229,0.02,-0.307442,0.568078,0.02,-0.568078,0.307442,0.02,-0.742229,6.86283e-08,0.02,-0.803383,6.86283e-08,3.44841,-0.803384,0.307442,3.41356,-0.74223,0.568078,3.31288,-0.568078,0.742229,3.16962,-0.307442,0.803383,3.00699,-9.57346e-08,0.742229,2.83661,0.307441,0.568078,2.69335,0.568078,0.307442,2.60042,0.742229,1.89936e-07,2.56557,0.803383,-0.307441,2.60042,0.742229,-0.568078,2.69335,0.568078,-0.742229,2.83661,0.307442,-0.803383,3.00699,-1.40432e-07,-0.742229,3.16962,-0.307442,-0.568078,3.31288,-0.568078,-0.307441,3.41356,-0.74223,-6.40017,4.3196,-2.4,-6.40017,1.62353,2.4,6.4,1.62353,2.4,6.4,4.3196,-2.4,5.86848,2.09936,1.53538,5.69706,2.01114,1.69706,4.91844,1.72555,2.21731,2.30295,2.1,1.69706,3.08156,2.1,2.21731,4,2.1,2.4,4.91844,2.1,2.21731,5.69706,2.1,1.69706,4,1.62345,2.4,3.08156,1.72555,2.21731,2.30295,2.01114,1.69706,2.13153,2.09936,1.53538,-7.96,5.20873,-3.96,-7.96,5.20873,-2.08879,-6.95895,6.2,-3.96,-7.82197,5.67691,-3.96,-7.45648,6.05263,-3.96,-7.4578,6.05263,-3.68006,7.96,5.20873,-3.96,6.95895,6.2,-3.96,7.45649,6.05263,-3.96,7.82198,5.67691,-3.96,7.4578,6.05263,-3.68006,7.82195,5.67691,-2.97236,7.96,5.20873,-2.08879,-7.82138,5.67691,-2.97236,7.69391,5.86477,-3.96,7.69285,5.86477,-3.32876,-7.69285,5.86477,-3.32876,-7.69391,5.86477,-3.96,7.92345,5.44282,-2.52547,-7.9236,5.44282,-3.96,-7.9233,5.44282,-2.52547,7.92346,5.44282,-3.96,7.59965,0.0199998,-3.6,7.59965,0.0200002,3.6,-7.59966,0.0200002,3.6,-7.59966,0.0199998,-3.6,-7.59966,0.5,-3.6,-7.59966,0.5,3.6,7.59965,0.5,3.6,7.59965,0.5,-3.6,7.95994,0.5,-3.96,7.96006,0.5,3.96,-7.95994,0.5,3.96,-7.96006,0.5,-3.96,-7.95994,2,3.96,7.96006,2,3.96,-6.39983,0.0199999,-2.4,-6.39983,0.0200001,2.4,6.39965,0.0200001,2.4,6.39965,0.0199999,-2.4,-2.13152,2.09936,1.53538,-2.30294,2.01114,1.69706,-3.08156,1.72555,2.21731,-5.69706,2.1,1.69706,-4.91844,2.1,2.21731,-4,2.1,2.4,-3.08156,2.1,2.21731,-2.30294,2.1,1.69706,-4,1.62345,2.4,-4.91844,1.72555,2.21731,-5.69706,2.01114,1.69706,-5.86848,2.09936,1.53538,0,0.0199999,-1.5,0.574025,0.0199999,-1.38582,1.06066,0.02,-1.06066,1.38582,0.02,-0.574025,1.5,0.02,6.46928e-08,1.38582,0.02,0.574025,1.06066,0.02,1.06066,0.574025,0.0200001,1.38582,2.26494e-07,0.0200001,1.5,-0.574025,0.0200001,1.38582,-1.06066,0.02,1.06066,-1.38582,0.02,0.574025,-1.5,0.02,-1.87615e-08,-1.38582,0.02,-0.574025,-1.06066,0.02,-1.06066,-0.574024,0.0199999,-1.38582,-0.307441,0.02,-0.74223,6.86283e-08,0.02,-0.803383,-0.568078,0.02,-0.568078,-0.742229,0.02,-0.307442,-0.803383,0.02,-9.86649e-09,-0.742229,0.02,0.307442,-0.568078,0.02,0.568078,-0.307441,0.02,0.74223,1.89936e-07,0.02,0.803383,0.307442,0.02,0.742229,0.568078,0.02,0.568078,0.742229,0.02,0.307442,0.803383,0.02,3.48308e-08,0.742229,0.02,-0.307442,0.568078,0.02,-0.568078,0.307442,0.02,-0.742229,6.4,4.3196,-2.4,6.4,4.3196,-2.4,6.4,1.62353,2.4,6.4,1.62353,2.4,-6.40017,1.62353,2.4,-6.40017,1.62353,2.4,-6.40017,4.3196,-2.4,-6.40017,4.3196,-2.4,-2.30294,2.01114,1.69706,-3.08156,1.72555,2.21731,-2.13152,2.09936,1.53538,-2.13152,2.09936,1.53538,4,1.62345,2.4,4,1.62345,2.4,4,1.62345,2.4,5.86848,2.09936,1.53538,5.86848,2.09936,1.53538,5.69706,2.01114,1.69706,4.91844,1.72555,2.21731,3.08156,2.1,2.21731,2.30295,2.1,1.69706,4,2.1,2.4,4.91844,2.1,2.21731,5.69706,2.1,1.69706,3.08156,1.72555,2.21731,2.30295,2.01114,1.69706,2.13153,2.09936,1.53538,2.13153,2.09936,1.53538,7.69391,5.86477,-3.96,7.82198,5.67691,-3.96,6.95895,6.2,-3.96,6.95895,6.2,-3.96,7.45649,6.05263,-3.96,-6.95895,6.2,-3.96,-6.95895,6.2,-3.96,7.69285,5.86477,-3.32876,7.82195,5.67691,-2.97236,7.4578,6.05263,-3.68006,7.92345,5.44282,-2.52547,-7.9236,5.44282,-3.96,-7.96,5.20873,-3.96,-7.45648,6.05263,-3.96,-7.9233,5.44282,-2.52547,-7.82138,5.67691,-2.97236,-7.69285,5.86477,-3.32876,-7.4578,6.05263,-3.68006,-7.69391,5.86477,-3.96,-7.82197,5.67691,-3.96,7.92346,5.44282,-3.96,7.96,5.20873,-2.08879,-7.96,5.20873,-2.08879,7.96,5.20873,-3.96,7.59965,0.0200002,3.6,7.59965,0.0200002,3.6,-7.59966,0.0200002,3.6,-7.59966,0.0200002,3.6,7.59965,0.0199998,-3.6,7.59965,0.0199998,-3.6,-7.59966,0.0199998,-3.6,-7.59966,0.0199998,-3.6,-7.59966,0.5,-3.6,-7.59966,0.5,-3.6,-7.59966,0.5,3.6,-7.59966,0.5,3.6,7.59965,0.5,-3.6,7.59965,0.5,-3.6,7.59965,0.5,3.6,7.59965,0.5,3.6,7.96006,0.5,3.96,7.96006,0.5,3.96,-7.95994,0.5,3.96,-7.95994,0.5,3.96,7.95994,0.5,-3.96,7.95994,0.5,-3.96,-7.96006,0.5,-3.96,-7.96006,0.5,-3.96,-7.95994,2,3.96,-7.95994,2,3.96,7.96006,2,3.96,7.96006,2,3.96,-6.39983,0.0199999,-2.4,-6.39983,0.0199999,-2.4,-6.39983,0.0200001,2.4,-6.39983,0.0200001,2.4,6.39965,0.0199999,-2.4,6.39965,0.0199999,-2.4,6.39965,0.0200001,2.4,6.39965,0.0200001,2.4,-4.91844,2.1,2.21731,-5.69706,2.1,1.69706,-4,2.1,2.4,-3.08156,2.1,2.21731,-2.30294,2.1,1.69706,-4,1.62345,2.4,-4,1.62345,2.4,-4,1.62345,2.4,-4.91844,1.72555,2.21731,-5.69706,2.01114,1.69706,-5.86848,2.09936,1.53538,-5.86848,2.09936,1.53538],

	"morphTargets" : [],