{"metadata":{"formatVersion":3.1,"generatedBy":"Blender 2.7 Exporter","vertices":390,"faces":216,"normals":92,"colors":0,"uvs":[],"materials":0,"morphTargets":0,"bones":0},"scale":1,"vertices":[3.0488,6.772,1.26286,2.33345,6.772,2.33345,1.26285,6.772,3.0488,-7.36705e-7,6.772,3.3,-1.26286,6.772,3.0488,-2.33345,6.772,2.33345,-3.0488,6.772,1.26286,-3.3,6.772,9.80722e-7,-3.0488,6.772,-1.26285,-2.33345,6.772,-2.33345,-1.26286,6.772,-3.0488,2.4,4.272,3.20517e-7,1.49012e-7,4.272,2.4,1,4.272,2.1668,-2.38419e-7,6.772,-3.3,1,4.272,1,-2.4,4.272,1.03576e-6,-1,4.272,2.1668,2.1668,4.272,1,-1,4.272,-2.1668,-1,4.272,1,-1,4.272,-1,-2.1668,4.272,-1,-2.1668,4.272,1,1.47821,-1.40621,0.612294,1.13137,-1.05937,1.13137,0.61229,-0.540293,1.47821,-2.98023e-7,0.0720005,1.6,0.61229,0.684294,1.47821,1.13137,1.20337,1.13137,1.47821,1.55021,0.612294,1.6,1.672,1.6721e-8,1.47821,1.55021,-0.612294,1.13137,1.20337,-1.13137,0.61229,0.684294,-1.47821,-2.98023e-7,0.0720002,-1.6,-2.00234e-7,4.272,9.19044e-7,2.82843,6.772,-2.82843,3.69552,6.772,-1.53074,4,6.772,-2.21381e-6,3.69552,6.772,1.53073,2.82843,6.772,2.82843,1.53073,6.772,3.69552,-8.72204e-7,6.772,4,-1.53073,6.772,3.69552,-1.69706,6.772,1.69706,-2.82843,6.772,2.82843,-3.69552,6.772,1.53073,-2.1668,6.772,1,-4,6.772,-1.99126e-6,-1.93715e-7,-10.328,-1.6,-0.612294,-10.328,-1.47821,-1.13137,-10.328,-1.13137,-1.47821,-10.328,-0.612295,-1.6,-10.328,-1.34622e-6,-1.47821,-10.328,0.612292,-1.13137,-10.328,1.13137,-0.612294,-10.328,1.47821,-4.35308e-7,-10.328,1.6,0.612293,-10.328,1.47821,1.13137,-10.328,1.13137,1.47821,-10.328,0.612292,1.6,-10.328,-1.43524e-6,1.47821,-10.328,-0.612295,1.13137,-10.328,-1.13137,0.61229,-10.328,-1.47821,-1.93715e-7,3.272,-1.6,-0.612294,3.272,-1.47821,-1.13137,3.272,-1.13137,-1.47821,3.272,-0.612296,-1.6,3.272,-1.9407e-6,-1.47821,3.272,0.612292,-1.13137,3.272,1.13137,-0.612294,3.272,1.47821,-4.35308e-7,3.272,1.6,0.612293,3.272,1.47821,1.13137,3.272,1.13137,1.47821,3.272,0.612292,1.6,3.272,-2.02972e-6,1.47821,3.272,-0.612296,1.13137,3.272,-1.13137,0.61229,3.272,-1.47821,8,0.0720002,-1.6,8,0.684294,-1.47821,8,1.20337,-1.13137,8,1.55021,-0.612294,8,1.672,1.6721e-8,8,1.55021,0.612294,8,1.20337,1.13137,8,0.684294,1.47821,8,0.0720005,1.6,8,-0.540293,1.47821,8,-1.05937,1.13137,8,-1.40621,0.612294,8,-1.528,6.75794e-8,8,-1.40621,-0.612294,8,-1.05937,-1.13137,8,-0.540293,-1.47821,1.6,-1.528,6.75794e-8,1.47821,-1.40621,-0.612294,1.13137,-1.05937,-1.13137,0.61229,-0.540293,-1.47821,8,0.0720004,3.65228e-8,-1.13137,2.09376e-7,-1.13137,-1.47821,1.47497e-7,-0.612295,-0.612294,2.50722e-7,-1.47821,-0.612294,-1.0171e-7,1.47821,-1.47821,1.51494e-9,0.612292,-1.13137,-6.03639e-8,1.13137,-1.6,7.4506e-8,-1.79767e-6,-3.23635e-7,-10.328,-1.40815e-6,-2.68221e-7,3.272,-4,-1.53073,3.272,-3.69552,-2.82843,3.272,-2.82843,-3.69552,3.272,-1.53074,-4,3.272,-1.83827e-6,-3.69552,3.272,1.53073,-2.82843,3.272,2.82843,-1.53073,3.272,3.69552,-8.72204e-7,3.272,4,1.53073,3.272,3.69552,2.82843,3.272,2.82843,3.69552,3.272,1.53073,4,3.272,-2.06082e-6,3.69552,3.272,-1.53074,2.82843,3.272,-2.82843,1.53073,3.272,-3.69552,-2.1668,6.772,-1,-1,6.772,-1,-1,6.772,1,-1,6.772,-2.1668,-2.38419e-7,8.872,-3.3,-1.26286,8.872,-3.0488,-2.33345,8.872,-2.33345,-3.0488,8.872,-1.26285,-3.3,8.872,8.88929e-7,-3.0488,8.872,1.26286,-2.33345,8.872,2.33345,-1.26286,8.872,3.0488,-7.36705e-7,8.872,3.3,1.26285,8.872,3.0488,2.33345,8.872,2.33345,3.0488,8.872,1.26286,3.3,8.872,7.05329e-7,3.0488,8.872,-1.26286,2.33345,8.872,-2.33345,1.26285,8.872,-3.0488,2.1668,6.772,1,-1.69706,6.772,-1.69706,-1,6.772,2.1668,-2.4,6.772,9.26481e-7,1,6.772,1,1,6.772,2.1668,1.49012e-7,6.772,2.4,1.69706,6.772,1.69706,2.4,6.772,2.11239e-7,-5.96046e-7,6.772,-2.4,1.69706,6.772,-1.69706,2.1668,6.772,-0.999999,1,6.772,-0.999999,1,6.772,-2.1668,-3.57628e-7,8.872,-2.4,-0.918441,8.872,-2.21731,-1.69706,8.872,-1.69706,-2.21731,8.872,-0.91844,-2.4,8.872,7.89984e-7,-2.21731,8.872,0.918441,-1.69706,8.872,1.69706,-0.918441,8.872,2.21731,-7.20018e-7,8.872,2.4,0.918439,8.872,2.21731,1.69706,8.872,1.69706,2.21731,8.872,0.918441,2.4,8.872,6.56457e-7,2.21731,8.872,-0.91844,1.69706,8.872,-1.69706,0.918439,8.872,-2.21731,3.3,6.772,7.97123e-7,3.0488,6.772,-1.26286,2.33345,6.772,-2.33345,1.26285,6.772,-3.0488,-5.96046e-7,4.272,-2.4,2.1668,4.272,-0.999999,1,4.272,-0.999999,1,4.272,-2.1668,-3.69552,6.772,-1.53074,-2.82843,6.772,-2.82843,-1.53073,6.772,-3.69552,-2.68221e-7,6.772,-4,1.53073,6.772,-3.69552,-1,4.272,-2.1668,-1,4.272,-2.1668,-5.96046e-7,4.272,-2.4,1.49012e-7,4.272,2.4,-1,4.272,2.1668,-1,4.272,2.1668,0.61229,0.684294,-1.47821,-2.98023e-7,0.0720002,-1.6,1.13137,1.20337,-1.13137,1.47821,1.55021,-0.612294,1.47821,1.55021,0.612294,1.6,1.672,1.6721e-8,-2.98023e-7,0.0720005,1.6,0.61229,0.684294,1.47821,2.33345,6.772,2.33345,1.26285,6.772,3.0488,-2.1668,4.272,1,-2.1668,4.272,1,-2.4,4.272,1.03576e-6,-1,4.272,1,-1,4.272,1,1,4.272,1,1,4.272,1,1,4.272,2.1668,1,4.272,2.1668,2.4,4.272,3.20517e-7,2.1668,4.272,1,2.1668,4.272,1,1.13137,-1.05937,1.13137,0.61229,-0.540293,1.47821,1.6,-1.528,6.75794e-8,1.47821,-1.40621,0.612294,1.13137,1.20337,1.13137,2.1668,4.272,-0.999999,2.1668,4.272,-0.999999,-3.0488,6.772,1.26286,-3.3,6.772,9.80722e-7,-1.26286,6.772,3.0488,-2.33345,6.772,2.33345,-2.1668,4.272,-1,-2.1668,4.272,-1,-1,4.272,-1,-1,4.272,-1,-1.26286,6.772,-3.0488,-2.38419e-7,6.772,-3.3,-7.36705e-7,6.772,3.3,-2.33345,6.772,-2.33345,-1,6.772,2.1668,-1,6.772,2.1668,-1.69706,6.772,1.69706,-2.1668,6.772,1,-2.1668,6.772,1,1.26285,6.772,-3.0488,2.33345,6.772,-2.33345,3.0488,6.772,-1.26286,-3.0488,6.772,-1.26285,3.3,6.772,7.97123e-7,-1,6.772,1,-1,6.772,1,3.0488,6.772,1.26286,-2.68221e-7,6.772,-4,1.53073,6.772,-3.69552,-0.612294,-10.328,-1.47821,-1.93715e-7,-10.328,-1.6,-1.13137,-10.328,-1.13137,-1.47821,-10.328,-0.612295,-1.6,-10.328,-1.34622e-6,-1.47821,-10.328,0.612292,-1.13137,-10.328,1.13137,-0.612294,-10.328,1.47821,-4.35308e-7,-10.328,1.6,0.612293,-10.328,1.47821,1.13137,-10.328,1.13137,1.47821,-10.328,0.612292,1.6,-10.328,-1.43524e-6,1.47821,-10.328,-0.612295,1.13137,-10.328,-1.13137,0.61229,-10.328,-1.47821,-0.612294,3.272,-1.47821,-1.93715e-7,3.272,-1.6,-1.13137,3.272,-1.13137,-1.47821,3.272,-0.612296,-1.6,3.272,-1.9407e-6,-1.47821,3.272,0.612292,-1.13137,3.272,1.13137,-0.612294,3.272,1.47821,-4.35308e-7,3.272,1.6,0.612293,3.272,1.47821,1.13137,3.272,1.13137,1.47821,3.272,0.612292,1.6,3.272,-2.02972e-6,1.47821,3.272,-0.612296,1.13137,3.272,-1.13137,0.61229,3.272,-1.47821,8,0.684294,-1.47821,8,0.0720002,-1.6,8,1.20337,-1.13137,8,1.55021,-0.612294,8,1.672,1.6721e-8,8,1.55021,0.612294,8,1.20337,1.13137,8,0.684294,1.47821,8,0.0720005,1.6,8,-0.540293,1.47821,8,-1.05937,1.13137,8,-1.40621,0.612294,8,-1.528,6.75794e-8,8,-1.40621,-0.612294,8,-1.05937,-1.13137,8,-0.540293,-1.47821,1.47821,-1.40621,-0.612294,1.13137,-1.05937,-1.13137,0.61229,-0.540293,-1.47821,-1.53073,3.272,-3.69552,-2.68221e-7,3.272,-4,-2.82843,3.272,-2.82843,-3.69552,3.272,-1.53074,-4,3.272,-1.83827e-6,-3.69552,3.272,1.53073,-2.82843,3.272,2.82843,-1.53073,3.272,3.69552,-8.72204e-7,3.272,4,1.53073,3.272,3.69552,2.82843,3.272,2.82843,3.69552,3.272,1.53073,4,3.272,-2.06082e-6,3.69552,3.272,-1.53074,2.82843,3.272,-2.82843,1.53073,3.272,-3.69552,-2.1668,6.772,-1,-2.1668,6.772,-1,-1,6.772,-1,-1,6.772,-1,-1,6.772,-2.1668,-1,6.772,-2.1668,-1.69706,6.772,-1.69706,-1.26286,8.872,-3.0488,-2.38419e-7,8.872,-3.3,-2.33345,8.872,-2.33345,-3.0488,8.872,-1.26285,-3.3,8.872,8.88929e-7,-3.0488,8.872,1.26286,-2.33345,8.872,2.33345,-1.26286,8.872,3.0488,-7.36705e-7,8.872,3.3,1.26285,8.872,3.0488,2.33345,8.872,2.33345,3.0488,8.872,1.26286,3.3,8.872,7.05329e-7,3.0488,8.872,-1.26286,2.33345,8.872,-2.33345,1.26285,8.872,-3.0488,2.1668,6.772,1,2.1668,6.772,1,1,6.772,1,1,6.772,1,1,6.772,2.1668,1,6.772,2.1668,1.69706,6.772,1.69706,1.69706,6.772,-1.69706,2.1668,6.772,-0.999999,2.1668,6.772,-0.999999,1,6.772,-2.1668,1,6.772,-2.1668,1,6.772,-0.999999,1,6.772,-0.999999,-0.918441,8.872,-2.21731,-3.57628e-7,8.872,-2.4,-1.69706,8.872,-1.69706,-2.21731,8.872,-0.91844,-2.4,8.872,7.89984e-7,-2.21731,8.872,