{"metadata":{"formatVersion":3.1,"generatedBy":"Blender 2.7 Exporter","vertices":342,"faces":166,"normals":40,"colors":0,"uvs":[],"materials":0,"morphTargets":0,"bones":0},"scale":1,"vertices":[-1.87486,0.0199999,-2.72282,-0.750444,0.0199999,-1.6,-1.6,0.02,-0.74988,-2.72339,0.0199999,-1.87429,-2.72339,2.1,-1.87429,-1.6,2.1,-0.74988,-0.750444,2.1,-1.6,-1.87486,2.1,-2.72282,7.96,0.0199997,-7.96,7.96,0.02,-0.0399999,-7.96,0.0199997,-7.96,7.96,3.18,-0.04,7.96,3.18,-7.96,-6.4,0.0199997,-6.4,6.4,0.0199999,-1.6,6.4,0.0199997,-6.4,6.4,2.1,-6.4,6.4,2.1,-1.6,0,0.0199998,-5.6,0.612294,0.0199998,-5.47821,1.13137,0.0199998,-5.13137,1.47821,0.0199998,-4.61229,1.6,0.0199998,-4,1.47821,0.0199999,-3.38771,1.13137,0.0199999,-2.86863,0.612294,0.0199999,-2.52179,2.41593e-7,0.0199999,-2.4,-0.612293,0.0199999,-2.52179,-1.13137,0.0199999,-2.86863,-1.47821,0.0199999,-3.38771,-1.6,0.0199998,-4,-1.47821,0.0199998,-4.61229,-1.13137,0.0199998,-5.13137,-0.612293,0.0199998,-5.47821,-0.612293,2.1,-5.47821,-1.13137,2.1,-5.13137,-1.47821,2.1,-4.61229,-1.6,2.1,-4,-1.47821,2.1,-3.38771,-1.13137,2.1,-2.86863,-0.612293,2.1,-2.52179,2.41593e-7,2.1,-2.4,0.612294,2.1,-2.52179,1.13137,2.1,-2.86863,1.47821,2.1,-3.38771,1.6,2.1,-4,1.47821,2.1,-4.61229,1.13137,2.1,-5.13137,0.612294,2.1,-5.47821,0,2.1,-5.6,-0.287928,0.0199998,-4.69512,-0.532022,0.0199998,-4.53202,-0.69512,0.0199998,-4.28793,-0.752393,0.0199998,-4,-0.69512,0.0199998,-3.71207,-0.532022,0.0199998,-3.46798,-0.287928,0.0199999,-3.30488,1.92298e-7,0.0199999,-3.24761,0.287928,0.0199999,-3.30488,0.532022,0.0199998,-3.46798,0.69512,0.0199998,-3.71207,0.752393,0.0199998,-4,0.69512,0.0199998,-4.28793,0.532022,0.0199998,-4.53202,0.287928,0.0199998,-4.69512,7.86902e-8,0.0199998,-4.75239,7.86902e-8,2.1,-4.75239,0.287928,2.1,-4.69512,0.532022,2.1,-4.53202,0.69512,2.1,-4.28793,0.752393,2.1,-4,0.69512,2.1,-3.71207,0.532022,2.1,-3.46798,0.287928,2.1,-3.30488,1.92298e-7,2.1,-3.24761,-0.287928,2.1,-3.30488,-0.532022,2.1,-3.46798,-0.69512,2.1,-3.71207,-0.752393,2.1,-4,-0.69512,2.1,-4.28793,-0.532022,2.1,-4.53202,-0.287928,2.1,-4.69512,-0.0400001,0.02,-0.04,-0.0400001,3.18,-0.0400001,-6.4,2.1,-6.4,-0.0400001,3.18,7.96,-0.0400001,0.0200004,7.96,-7.96,3.18,7.96,-7.96,0.0200004,7.96,-6.4,0.0200003,6.4,-1.6,0.0200003,6.4,-1.6,2.1,6.4,-6.4,2.1,6.4,-4.28793,2.1,-0.69512,-4.53202,2.1,-0.532022,-4.69512,2.1,-0.287929,-4.75239,2.1,-9.17939e-8,-4.69512,2.1,0.287928,-4.53202,2.1,0.532022,-4.28793,2.1,0.69512,-4,2.1,0.752393,-3.71207,2.1,0.69512,-3.46798,2.1,0.532022,-3.30488,2.1,0.287928,-3.24761,2.1,-9.17939e-8,-3.30488,2.1,-0.287928,-3.46798,2.1,-0.532022,-3.71207,2.1,-0.69512,-4,2.1,-0.752393,-4,0.02,-0.752393,-3.71207,0.02,-0.69512,-3.46798,0.02,-0.532022,-3.30488,0.02,-0.287928,-3.24761,0.02,-8.74228e-10,-3.30488,0.02,0.287928,-3.46798,0.02,0.532022,-3.71207,0.02,0.69512,-4,0.02,0.752393,-4.28793,0.02,0.69512,-4.53202,0.02,0.532022,-4.69512,0.02,0.287928,-4.75239,0.02,-8.74228e-10,-4.69512,0.02,-0.287929,-4.53202,0.02,-0.532022,-4.28793,0.02,-0.69512,-4,2.1,-1.6,-3.38771,2.1,-1.47821,-2.86863,2.1,-1.13137,-2.52179,2.1,-0.612293,-2.4,2.1,-9.17939e-8,-2.52179,2.1,0.612294,-2.86863,2.1,1.13137,-3.38771,2.1,1.47821,-4,2.1,1.6,-4.61229,2.1,1.47821,-5.13137,2.1,1.13137,-5.47821,2.1,0.612294,-5.6,2.1,-9.17939e-8,-5.47821,2.1,-0.612294,-5.13137,2.1,-1.13137,-4.61229,2.1,-1.47821,-4.61229,0.0199999,-1.47821,-5.13137,0.0199999,-1.13137,-5.47821,0.02,-0.612294,-5.6,0.02,-8.74228e-10,-5.47821,0.02,0.612294,-5.13137,0.02,1.13137,-4.61229,0.0200001,1.47821,-4,0.0200001,1.6,-3.38771,0.0200001,1.47821,-2.86863,0.02,1.13137,-2.52179,0.02,0.612294,-2.4,0.02,-8.74228e-10,-2.52179,0.02,-0.612293,-2.86863,0.0199999,-1.13137,-3.38771,0.0199999,-1.47821,-4,0.0199999,-1.6,-7.96,8.57959,7.95983,-7.96,8.88861,7.91089,-7.96,9.16737,7.76885,-7.96,9.38861,7.54761,-7.96,9.53065,7.26885,-7.96,9.57959,6.95983,-6.4,9.57959,6.95983,-6.4,9.53065,7.26885,-6.4,9.38861,7.54761,-6.4,9.16737,7.76885,-6.4,8.88861,7.91089,-6.4,8.57959,7.95983,-6.4,3.18,7.95983,7.95983,8.57959,-7.96,7.91089,8.88861,-7.96,7.76885,9.16737,-7.96,7.54761,9.38861,-7.96,7.26885,9.53065,-7.96,6.95983,9.57959,-7.96,6.95983,9.57959,-6.4,7.26885,9.53065,-6.4,7.54761,9.38861,-6.4,7.76885,9.16737,-6.4,7.91089,8.88861,-6.4,7.95983,8.57959,-6.4,-6.4,9.57959,-6.4,7.95983,3.18,-6.4,-7.96,9.57959,-7.96,-6.4,3.18,-6.4,-7.96,3.18,-7.96,-1.87486,0.0199999,-2.72282,-1.87486,0.0199999,-2.72282,-0.750444,0.0199999,-1.6,-0.750444,0.0199999,-1.6,-2.72339,0.0199999,-1.87429,-2.72339,0.0199999,-1.87429,-1.6,0.02,-0.74988,-1.6,0.02,-0.74988,-2.72339,2.1,-1.87429,-2.72339,2.1,-1.87429,-1.6,2.1,-0.74988,-1.6,2.1,-0.74988,-1.87486,2.1,-2.72282,-1.87486,2.1,-2.72282,-0.750444,2.1,-1.6,-0.750444,2.1,-1.6,7.96,0.0199997,-7.96,7.96,0.0199997,-7.96,7.96,0.02,-0.0399999,7.96,0.02,-0.0399999,7.96,3.18,-7.96,7.96,3.18,-0.04,7.96,3.18,-0.04,6.4,0.0199999,-1.6,6.4,0.0199999,-1.6,6.4,0.0199997,-6.4,6.4,0.0199997,-6.4,6.4,2.1,-1.6,6.4,2.1,-1.6,6.4,2.1,-6.4,6.4,2.1,-6.4,0,0.0199998,-5.6,0.612294,0.0199998,-5.47821,1.13137,0.0199998,-5.13137,1.47821,0.0199998,-4.61229,1.6,0.0199998,-4,1.47821,0.0199999,-3.38771,1.13137,0.0199999,-2.86863,0.612294,0.0199999,-2.52179,2.41593e-7,0.0199999,-2.4,-0.612293,0.0199999,-2.52179,-1.13137,0.0199999,-2.86863,-1.47821,0.0199999,-3.38771,-1.6,0.0199998,-4,-1.47821,0.0199998,-4.61229,-1.13137,0.0199998,-5.13137,-0.612293,0.0199998,-5.47821,-0.287928,0.0199998,-4.69512,7.86902e-8,0.0199998,-4.75239,-0.532022,0.0199998,-4.53202,-0.69512,0.0199998,-4.28793,-0.752393,0.0199998,-4,-0.69512,0.0199998,-3.71207,-0.532022,0.0199998,-3.46798,-0.287928,0.0199999,-3.30488,1.92298e-7,0.0199999,-3.24761,0.287928,0.0199999,-3.30488,0.532022,0.0199998,-3.46798,0.69512,0.0199998,-3.71207,0.752393,0.0199998,-4,0.69512,0.0199998,-4.28793,0.532022,0.0199998,-4.53202,0.287928,0.0199998,-4.69512,-0.0400001,0.02,-0.04,-0.0400001,0.02,-0.04,-0.0400001,3.18,-0.0400001,-0.0400001,3.18,-0.0400001,-1.6,2.1,6.4,-1.6,2.1,6.4,-6.4,2.1,-6.4,-6.4,2.1,-6.4,-1.6,0.0200003,6.4,-1.6,0.0200003,6.4,-0.0400001,3.18,7.96,-0.0400001,3.18,7.96,-0.0400001,0.0200004,7.96,-0.0400001,0.0200004,7.96,-6.4,3.18,7.95983,-6.4,3.18,7.95983,-7.96,0.0200004,7.96,-7.96,0.0200004,7.96,-7.96,0.0199997,-7.96,-7.96,0.0199997,-7.96,-7.96,3.18,7.96,-6.4,0.0200003,6.4,-6.4,0.0200003,6.4,-6.4,2.1,6.4,-6.4,2.1,6.4,-4,0.02,-0.752393,-3.71207,0.02,-0.69512,-3.46798,0.02,-0.532022,-3.30488,0.02,-0.287928,-3.24761,0.02,-8.74228e-10,-3.30488,0.02,0.287928,-3.46798,0.02,0.532022,-3.71207,0.02,0.69512,-4,0.02,0.752393,-4.28793,0.02,0.69512,-4.53202,0.02,0.532022,-4.69512,0.02,0.287928,-4.75239,0.02,-8.74228e-10,-4.69512,0.02,-0.287929,-4.53202,0.02,-0.532022,-4.28793,0.02,-0.69512,-4.61229,0.0199999,-1.47821,-4,0.0199999,-1.6,-5.13137,0.0199999,-1.13137,-5.47821,0.02,-0.612294,-5.6,0.02,-8.74228e-10,-5.47821,0.02,0.612294,-5.13137,0.02,1.13137,-4.61229,0.0200001,1.47821,-4,0.0200001,1.6,-3.38771,0.0200001,1.47821,-2.86863,0.02,1.13137,-2.52179,0.02,0.612294,-2.4,0.02,-8.74228e-10,-2.52179,0.02,-0.612293,-2.86863,0.0199999,-1.13137,-3.38771,0.0199999,-1.47821,-6.4,0.0199997,-6.4,-6.4,0.0199997,-6.4,-7.96,8.57959,7.95983,-7.96,8.88861,7.91089,-7.96,9.16737,7.76885,-7.96,9.38861,7.54761,-7.96,9.53065,7.26885,-7.96,9.57959,6.95983,-6.4,9.57959,6.95983,-6.4,9.53065,7.26885,-6.4,9.38861,7.54761,-6.4,9.16737,7.76885,-6.4,8.88861,7.91089,-6.4,8.57959,7.95983,7.95983,8.57959,-7.96,7.91089,8.88861,-7.96,7.76885,9.16737,-7.96,7.54761,9.38861,-7.96,7.26885,9.53065,-7.96,6.95983,9.57959,-7.96,6.95983,9.57959,-6.4,7.26885,9.53065,-6.4,7.54761,9.38861,-6.4,7.76885,9.16737,-6.4,7.91089,8.88861,-6.4,7.95983,8.57959,-6.4,7.95983,3.18,-6.4,7.95983,3.18,-6.4,-7.96,9.57959,-7.96,-7.96,9.57959,-7.96,-6.4,9.57959,-6.4,-6.4,9.57959,-6.4,-6.4,3.18,-6.4,-6.4,3.18,-6.4,-7.96,3.18,-7.96],